{
  "probe_acc_train": 0.7036764621734619,
  "probe_acc_test": 0.5421568751335144,
  "cluster_purity_train": 0.5852941176470589,
  "cluster_purity_test": 0.5568627450980392,
  "items_train": 4080,
  "items_test": 2040
}