{
  "test": {
    "same_mean": 0.991542811889325,
    "diff_mean": 0.9929024505650954,
    "margin": -0.0013596386757703804
  }
}