{
  "test": {
    "same_mean": 0.9927132901146514,
    "diff_mean": 0.9937036952585949,
    "margin": -0.0009904051439435513
  }
}