{
  "test": {
    "same_mean": 0.9911654044655811,
    "diff_mean": 0.9930732158818065,
    "margin": -0.0019078114162254245
  }
}