{
  "test": {
    "same_mean": 0.9919960458379077,
    "diff_mean": 0.9926538882899505,
    "margin": -0.0006578424520428117
  }
}