{
  "v5_divergences": {
    "ood_state_only_5000": {
      "ws_state": 3.466045184627485
    },
    "ood_state_only_10000": {
      "ws_state": 2.2358553015192353
    },
    "ood_state_only_15000": {
      "ws_state": 1.334074380348126
    },
    "ood_state_only_20000": {
      "ws_state": 3.2510131233433883
    },
    "ood_state_action_5000": {
      "ws_state": 3.0034376297316827,
      "ws_action": 0.053709605066396764,
      "ws_combined": 1.5285736173990396
    },
    "ood_state_action_10000": {
      "ws_state": 3.291070300762852,
      "ws_action": 0.16565377473826326,
      "ws_combined": 1.7283620377505575
    },
    "ood_state_action_15000": {
      "ws_state": 2.1825271637737753,
      "ws_action": 0.12049980809824773,
      "ws_combined": 1.1515134859360114
    },
    "ood_state_action_20000": {
      "ws_state": 2.0812732761601604,
      "ws_action": 0.01657135935083109,
      "ws_combined": 1.0489223177554958
    },
    "ood_policy_050": {
      "js_policy": 0.005059389928987545
    },
    "ood_policy_100": {
      "js_policy": 0.005059389928987545
    },
    "ood_policy_150": {
      "js_policy": 0.005059389928987545
    },
    "ood_policy_200": {
      "js_policy": 0.005059389928987545
    }
  },
  "methodology": {
    "state_action_shifts": "gradient_optimized_opponents",
    "policy_shifts": "direct_configuration",
    "metrics": {
      "state_action": "wasserstein_distance",
      "policy": "jensen_shannon_divergence"
    }
  }
}