{
  "test": {
    "same_mean": 0.9909652512014044,
    "diff_mean": 0.992847707851235,
    "margin": -0.001882456649830555
  }
}