{
  "test": {
    "same_mean": 0.99346352572606,
    "diff_mean": 0.9956632189002352,
    "margin": -0.0021996931741752324
  }
}