{
  "probe_acc_train": 0.6254901885986328,
  "probe_acc_test": 0.4578431248664856,
  "cluster_purity_train": 0.5269607843137255,
  "cluster_purity_test": 0.55,
  "items_train": 4080,
  "items_test": 2040
}