{
  "epochs": 3,
  "results": [
    {
      "epoch": 0,
      "train_elbo": 71.87095537781715,
      "val": {
        "ADE": 0.21952557360584085,
        "FDE": 0.21952557360584085
      },
      "epoch_time_sec": 1.1486032009124756
    },
    {
      "epoch": 1,
      "train_elbo": 154.92348165512084,
      "val": {
        "ADE": 0.23717649619687686,
        "FDE": 0.23717649619687686
      },
      "epoch_time_sec": 0.7381901741027832
    },
    {
      "epoch": 2,
      "train_elbo": 176.84349632263184,
      "val": {
        "ADE": 0.23720279132777994,
        "FDE": 0.23720279132777994
      },
      "epoch_time_sec": 0.729088544845581
    }
  ],
  "variant": "baseline",
  "num_policies": 2,
  "latent": 16,
  "hidden": 128,
  "best_val": {
    "ADE": 0.21952557360584085,
    "FDE": 0.21952557360584085
  },
  "test": {
    "ADE": 0.23808935527191605,
    "FDE": 0.23808935527191605
  }
}